{
    "Depression": {
        "Random Forest": {
            "accuracy": 0.8666666666666667,
            "precision": 0.8577173913043479,
            "recall": 0.8588939393939394,
            "f1_score": 0.8578180089239998,
            "auc_score": 0.9842541478129713,
            "cv_mean": 0.7837441708140582,
            "cv_std": 0.04638829630278765
        },
        "Gradient Boosting": {
            "accuracy": 0.8222222222222222,
            "precision": 0.795560606060606,
            "recall": 0.8113939393939393,
            "f1_score": 0.7987262486617326,
            "auc_score": 0.9705075845075845,
            "cv_mean": 0.7786740264252845,
            "cv_std": 0.04509064938372559
        },
        "Logistic Regression": {
            "accuracy": 0.8444444444444444,
            "precision": 0.8249859943977592,
            "recall": 0.8400606060606061,
            "f1_score": 0.8295742104282601,
            "auc_score": 0.9801974734915911,
            "cv_mean": 0.7689549259059648,
            "cv_std": 0.05801326530076343
        },
        "SVM": {
            "accuracy": 0.7555555555555555,
            "precision": 0.7600392156862745,
            "recall": 0.7582727272727273,
            "f1_score": 0.735543343693624,
            "auc_score": 0.9540905702082172,
            "cv_mean": 0.7091623772154687,
            "cv_std": 0.04104827094897344
        }
    },
    "Anxiety": {
        "Random Forest": {
            "accuracy": 0.8777777777777778,
            "precision": 0.8527022946859903,
            "recall": 0.8562781531531531,
            "f1_score": 0.8508596854059183,
            "auc_score": 0.9766690005844271,
            "cv_mean": 0.8165751544842805,
            "cv_std": 0.04158886680768928
        },
        "Gradient Boosting": {
            "accuracy": 0.8555555555555555,
            "precision": 0.825,
            "recall": 0.827495258416311,
            "f1_score": 0.8223768564690193,
            "auc_score": 0.9710469859530892,
            "cv_mean": 0.8164726339207565,
            "cv_std": 0.025339086915899634
        },
        "Logistic Regression": {
            "accuracy": 0.7777777777777778,
            "precision": 0.7230462519936205,
            "recall": 0.7388671566303144,
            "f1_score": 0.7271992635785147,
            "auc_score": 0.9521955918182333,
            "cv_mean": 0.7714840940054175,
            "cv_std": 0.014097738150114189
        },
        "SVM": {
            "accuracy": 0.7444444444444445,
            "precision": 0.7192918192918193,
            "recall": 0.7161248419472104,
            "f1_score": 0.7099902342942555,
            "auc_score": 0.9164508549208257,
            "cv_mean": 0.6169785913847884,
            "cv_std": 0.032729150677403555
        }
    },
    "Personally Disorder": {
        "Random Forest": {
            "accuracy": 0.9444444444444444,
            "precision": 0.9358836206896552,
            "recall": 0.9423182066703116,
            "f1_score": 0.938949938949939,
            "auc_score": 0.9816839803171131,
            "cv_mean": 0.9197318422205042,
            "cv_std": 0.04744551587283094
        },
        "Gradient Boosting": {
            "accuracy": 0.9333333333333333,
            "precision": 0.9218500797448166,
            "recall": 0.9338436303991251,
            "f1_score": 0.9272629310344828,
            "auc_score": 0.9846910880262438,
            "cv_mean": 0.9244492459469488,
            "cv_std": 0.039667481258749464
        },
        "Logistic Regression": {
            "accuracy": 0.9333333333333333,
            "precision": 0.9261891744122471,
            "recall": 0.9261891744122471,
            "f1_score": 0.9261891744122471,
            "auc_score": 0.9633679606342263,
            "cv_mean": 0.908258377813343,
            "cv_std": 0.028993213420186223
        },
        "SVM": {
            "accuracy": 0.7222222222222222,
            "precision": 0.7257905138339921,
            "recall": 0.7498633132859487,
            "f1_score": 0.7163031143613667,
            "auc_score": 0.8646801530891197,
            "cv_mean": 0.7162815895298766,
            "cv_std": 0.026707463089750343
        }
    },
    "PTSD": {
        "Random Forest": {
            "accuracy": 0.9555555555555556,
            "precision": 0.9592261904761905,
            "recall": 0.9506172839506174,
            "f1_score": 0.9521089728359864,
            "auc_score": 0.996331714227889,
            "cv_mean": 0.9038697905388237,
            "cv_std": 0.034552385668595996
        },
        "Gradient Boosting": {
            "accuracy": 0.9555555555555556,
            "precision": 0.9549206349206351,
            "recall": 0.9514687100893998,
            "f1_score": 0.9525789039422055,
            "auc_score": 0.9930291728105936,
            "cv_mean": 0.8787328381956009,
            "cv_std": 0.05092371975515453
        },
        "Logistic Regression": {
            "accuracy": 0.8666666666666667,
            "precision": 0.8596059113300493,
            "recall": 0.8595021661282649,
            "f1_score": 0.8593926917138446,
            "auc_score": 0.9524908202503831,
            "cv_mean": 0.8157474080912962,
            "cv_std": 0.026307981365290604
        },
        "SVM": {
            "accuracy": 0.6666666666666666,
            "precision": 0.6141299193930773,
            "recall": 0.6440537900984148,
            "f1_score": 0.6157342062324194,
            "auc_score": 0.8564041402839216,
            "cv_mean": 0.6913725379405692,
            "cv_std": 0.01640800226607887
        }
    }
}